"","MDS1","MDS2"
"Spp1",-0.0832061692025056,0.12921659374196
"Spp2",0.0720597512540959,-0.438913939176949
"Spp3",0.422167190640554,0.188046552640059
"Spp4",0.0715168674000528,-0.068354834807929
"Spp5",-0.559852952761043,0.140161746449119
