"Number of Axes","Stress"
2,0.166005128965667
3,0.0862935450741456
